"Renewable energy production, billion Btu",,,,,,,,,,,,,,,,,,,,,,,,,,,,,,,,,,,,,,,,,,,,,,,,,,,,,,,,,,,,,,,,,,,,,,,,,,,,,,,,,,,,,,,,,,,,,,,,,,,,
,,,,,,,,,,,,,,,,,,,,,,,,,,,,,,,,,,,,,,,,,,,,,,,,,,,,,,,,,,,,,,,,,,,,,,,,,,,,,,,,,,,,,,,,,,,,,,,,,,,,
State,1960,1961,1962,1963,1964,1965,1966,1967,1968,1969,1970,1971,1972,1973,1974,1975,1976,1977,1978,1979,1980,1981,1982,1983,1984,1985,1986,1987,1988,1989,1990,1991,1992,1993,1994,1995,1996,1997,1998,1999,2000,2001,2002,2003,2004,2005,2006,2007,2008,2009,2010,2011,2012,2013,2014,2015,2016,2017,2018,2019,2020,2021,2022,,,,,,,,,,,,,,,,,,,,,,,,,,,,,,,,,,,,,
AK,"4,670","5,160","5,283","5,493","5,828","6,057","6,114","5,910","5,946","6,056","6,267","6,526","6,261","5,847","6,035","6,112","6,532","7,853","7,530","7,550","4,562","5,060","4,791","5,373","6,282","6,520","5,017","5,894","6,293","12,217","11,545","11,063","11,938","11,564","14,299","13,038","12,417","7,520","5,737","4,648","5,403","7,654","8,191","8,751","8,523","6,220","5,330","5,674","5,363","7,238","7,793","7,523","7,954","8,940","9,480","13,599","14,509","13,256","13,790","13,035","13,148","12,773","14,235",,,,,,,,,,,,,,,,,,,,,,,,,,,,,,,,,,,,,
AL,"66,967","69,190","71,684","67,547","76,231","71,876","72,734","80,231","78,106","78,987","78,420","87,971","93,651","99,356","93,841","99,284","95,154","102,034","93,491","108,365","173,134","170,843","189,884","202,578","211,968","198,912","176,882","177,213","175,879","210,055","179,205","180,028","183,912","205,838","253,626","254,541","246,596","221,323","245,383","237,321","223,807","193,688","193,025","198,409","220,522","212,778","218,965","201,934","194,472","184,955","187,020","199,843","196,813","234,604","213,006","200,689","189,860","203,874","214,046","213,309","214,546","215,294","212,636",,,,,,,,,,,,,,,,,,,,,,,,,,,,,,,,,,,,,
AR,"40,817","41,049","40,059","38,411","38,775","38,819","40,584","37,500","43,993","44,534","41,635","40,836","42,466","52,058","51,312","47,582","48,224","57,171","60,263","57,348","58,173","59,492","62,750","71,748","72,284","77,992","71,444","69,821","73,295","98,107","84,451","84,909","89,182","102,546","95,675","95,272","98,639","100,134","93,780","92,463","92,540","76,364","85,388","90,085","88,854","92,357","90,859","100,787","94,860","99,078","103,007","106,324","100,792","105,035","103,703","96,786","94,512","99,437","107,784","109,532","84,223","86,121","89,967",,,,,,,,,,,,,,,,,,,,,,,,,,,,,,,,,,,,,
AZ,"14,214","13,847","13,645","14,064","13,932","18,841","21,495","21,267","23,609","25,112","25,337","27,194","27,928","29,132","30,033","30,164","31,674","29,348","31,083","33,049","51,394","44,664","45,527","73,052","78,637","73,282","73,384","52,100","44,931","46,201","42,902","41,462","41,644","40,473","42,659","46,738","48,324","59,656","52,211","48,375","44,053","37,740","36,653","35,573","35,286","36,004","36,455","40,436","49,583","39,494","40,851","49,678","43,953","41,822","54,242","59,093","62,336","66,841","71,075","67,849","66,319","72,153","74,234",,,,,,,,,,,,,,,,,,,,,,,,,,,,,,,,,,,,,
CA,"141,733","136,263","165,152","180,034","174,530","202,276","190,831","223,328","204,480","256,255","248,565","254,219","240,952","269,058","301,484","275,396","236,233","212,831","297,367","297,376","272,059","252,626","311,185","359,594","336,282","305,640","304,167","276,259","279,965","410,156","379,479","371,447","377,325","414,397","353,389","410,708","396,901","369,373","387,102","367,625","364,952","318,256","347,040","357,449","352,132","361,238","388,725","328,196","321,700","340,985","370,497","422,243","377,749","399,975","407,848","391,307","462,264","537,840","507,201","560,175","510,610","528,926","543,231",,,,,,,,,,,,,,,,,,,,,,,,,,,,,,,,,,,,,
CO,"9,788","9,415","9,886","10,099","10,420","9,768","10,388","10,391","10,654","11,198","12,579","14,323","14,274","14,682","14,261","14,190","14,670","16,129","20,056","21,984","16,606","18,916","20,268","22,177","24,044","25,176","27,948","19,626","20,275","17,974","16,476","19,286","17,387","18,430","16,681","18,805","17,857","19,482","16,338","17,386","17,196","13,038","11,960","12,412","13,114","18,530","28,149","34,532","45,794","47,462","50,632","58,618","57,694","64,606","67,511","69,069","77,879","79,727","81,739","87,367","91,301","99,821","113,441",,,,,,,,,,,,,,,,,,,,,,,,,,,,,,,,,,,,,
CT,"14,289","14,421","13,830","14,287","14,805","14,180","14,474","15,308","16,154","16,712","16,960","17,443","18,963","18,751","19,499","18,786","21,194","21,078","23,894","26,157","41,962","41,037","38,833","45,500","38,417","38,424","32,885","28,402","32,125","32,942","30,723","31,852","35,989","36,250","37,120","43,633","51,717","47,670","46,144","46,413","47,003","27,828","26,046","27,437","27,130","22,571","22,154","21,650","22,675","26,126","27,675","26,961","24,732","27,138","29,188","30,165","30,864","28,295","30,892","30,697","29,356","31,660","28,147",,,,,,,,,,,,,,,,,,,,,,,,,,,,,,,,,,,,,
DC,133,124,125,119,104,98,95,96,110,106,108,109,109,108,125,125,142,158,193,210,"2,849","2,311","3,654","2,563","3,226","3,327","3,047","2,226","2,378","2,511","1,283","1,344","1,411","1,945","1,848","1,850","1,922","1,377","1,221","1,258","1,353",865,879,924,941,44,42,46,52,35,62,155,126,145,158,632,922,"1,015","1,197","1,435","1,443","1,523","1,701",,,,,,,,,,,,,,,,,,,,,,,,,,,,,,,,,,,,,
DE,"4,982","5,101","5,134","5,356","5,510","5,577","5,852","5,783","6,592","7,073","7,021","7,673","8,190","8,483","8,466","7,901","9,607","10,161","10,667","8,729","2,472","2,006","3,170","2,224","2,927","3,019","2,765","2,162","2,310","2,515","1,652","1,733","1,783","2,492","2,421","2,475","2,641","2,202","1,935","1,999","2,288","1,322","1,311","1,398","1,431",949,858,"1,511","2,933","3,543","3,762","3,909","3,184","3,151","3,456","2,729","2,383","2,411","2,449","2,600","2,449","2,488","2,829",,,,,,,,,,,,,,,,,,,,,,,,,,,,,,,,,,,,,
FL,"33,638","32,510","34,131","36,741","36,972","37,816","40,729","42,543","47,868","49,562","48,969","48,181","52,730","54,618","50,662","48,368","54,703","58,246","63,773","67,748","88,551","81,851","102,836","90,142","107,245","108,982","114,862","106,086","112,355","230,620","197,765","211,107","229,146","215,574","213,667","218,618","238,849","229,667","204,138","203,158","194,363","157,016","173,217","186,891","178,001","182,550","185,522","190,783","193,877","212,166","228,463","225,550","220,549","230,795","227,832","220,076","219,892","228,619","229,488","221,681","215,940","227,837","234,438",,,,,,,,,,,,,,,,,,,,,,,,,,,,,,,,,,,,,
GA,"79,073","78,025","78,468","82,421","87,913","85,250","86,062","83,470","84,378","83,888","80,385","85,674","91,157","96,078","95,895","93,112","104,309","107,806","112,073","118,391","113,186","106,315","118,156","121,827","130,374","126,328","126,582","123,789","124,419","190,966","203,421","197,187","200,421","209,260","210,923","220,160","224,444","233,372","221,057","212,369","205,344","174,091","265,343","193,872","202,506","189,871","191,015","186,860","160,697","174,672","199,387","201,314","192,835","225,463","247,171","250,572","256,482","248,229","254,393","266,585","265,602","267,476","273,701",,,,,,,,,,,,,,,,,,,,,,,,,,,,,,,,,,,,,
HI,93,83,69,284,617,529,525,628,999,"1,070",796,652,859,866,904,874,"1,017",752,561,634,"12,205","13,005","12,744","14,322","14,651","14,573","16,641","18,170","19,756","28,153","27,178","26,765","26,202","26,238","23,020","22,171","21,531","19,937","19,091","19,430","17,784","10,241","9,299","11,487","11,680","10,784","11,289","11,350","12,201","12,213","11,494","11,781","11,967","14,827","15,174","15,204","16,893","14,974","14,790","14,258","15,106","16,665","16,937",,,,,,,,,,,,,,,,,,,,,,,,,,,,,,,,,,,,,
IA,"9,410","9,222","8,926","8,046","7,934","8,628","8,921","8,584","9,599","9,159","9,456","9,672","10,315","10,368","10,712","10,885","10,696","11,612","12,823","12,715","51,956","58,324","59,840","65,775","71,123","71,697","100,695","111,951","117,723","86,613","82,386","85,590","93,311","101,127","106,620","106,200","113,242","104,705","101,783","105,517","99,882","96,388","101,329","123,226","161,154","197,979","250,183","318,499","381,752","494,557","554,423","595,539","586,826","605,138","622,027","655,375","679,318","706,564","738,301","752,128","709,062","748,411","770,984",,,,,,,,,,,,,,,,,,,,,,,,,,,,,,,,,,,,,
ID,"32,388","29,904","31,236","30,959","32,529","33,020","33,565","33,833","33,676","32,048","35,620","36,666","38,130","39,456","43,380","46,157","49,181","38,568","50,743","50,115","47,085","48,758","55,615","61,473","63,613","56,084","61,146","44,931","40,889","59,018","55,796","54,593","49,021","59,217","52,046","64,081","72,208","79,533","72,434","75,764","66,995","55,054","54,490","53,472","56,498","64,817","72,248","66,117","71,339","65,792","72,555","85,405","77,725","72,903","83,526","87,819","83,218","93,049","97,177","94,499","79,085","74,283","84,989",,,,,,,,,,,,,,,,,,,,,,,,,,,,,,,,,,,,,
IL,"31,663","30,809","31,511","33,167","33,237","33,805","35,866","36,183","38,867","40,517","39,885","39,664","40,444","42,962","43,077","42,042","46,568","50,404","62,032","63,724","91,400","102,229","116,680","144,629","144,667","149,442","159,466","171,112","179,577","148,417","115,942","125,161","133,453","120,127","121,650","119,951","87,466","102,241","104,277","103,042","108,816","112,174","139,390","158,374","152,828","136,545","133,718","163,268","183,743","232,230","269,161","273,328","276,973","295,603","306,069","290,705","311,818","306,086","290,347","291,260","289,750","304,992","333,692",,,,,,,,,,,,,,,,,,,,,,,,,,,,,,,,,,,,,
IN,"23,819","23,426","23,550","23,640","22,850","22,400","23,649","24,073","25,019","25,816","24,986","24,112","28,142","28,755","28,888","28,234","32,684","36,144","43,307","48,814","52,835","55,600","55,088","60,718","57,478","66,984","68,522","73,057","77,274","66,078","57,018","58,192","57,955","49,450","48,606","49,279","44,944","41,931","40,935","40,351","40,030","45,664","49,752","52,446","51,952","55,702","45,783","69,522","127,415","145,408","184,107","199,631","175,193","189,778","202,728","212,230","225,053","227,326","236,818","219,234","206,591","237,409","251,540",,,,,,,,,,,,,,,,,,,,,,,,,,,,,,,,,,,,,
KS,"3,979","3,739","3,561","3,681","3,580","3,404","3,436","3,284","3,388","3,235","3,682","3,890","5,670","6,009","5,869","5,779","6,490","6,831","7,507","7,903","9,030","8,508","11,003","11,480","14,124","14,693","21,861","21,307","22,676","18,589","14,798","15,551","15,305","15,439","15,211","15,012","12,499","11,790","11,581","11,444","11,810","12,631","18,954","23,958","25,890","28,222","33,180","42,163","73,864","72,817","81,821","85,012","81,664","96,294","113,440","112,288","123,462","140,461","145,643","157,699","169,674","175,281","201,334",,,,,,,,,,,,,,,,,,,,,,,,,,,,,,,,,,,,,
KY,"31,402","30,224","31,596","31,134","29,999","30,086","31,345","35,123","32,913","32,489","34,548","36,925","40,301","40,955","42,781","42,637","46,122","40,872","48,406","55,181","35,315","36,840","45,822","41,925","50,014","48,848","44,037","39,787","39,694","42,118","28,385","30,936","31,892","26,220","28,961","27,584","30,916","24,981","22,338","20,784","20,271","26,509","35,646","39,112","44,177","47,933","45,528","45,452","48,672","51,775","54,435","59,783","53,967","60,523","62,461","55,147","56,552","63,260","64,688","65,594","61,308","61,894","68,537",,,,,,,,,,,,,,,,,,,,,,,,,,,,,,,,,,,,,
LA,"38,992","37,174","36,785","39,147","39,291","38,299","39,754","37,685","40,791","40,698","41,620","41,912","44,819","45,748","44,928","42,358","45,170","46,692","47,825","44,717","64,707","68,263","69,667","74,654","78,627","78,537","99,811","100,062","103,943","129,286","120,610","122,897","126,249","128,994","140,535","145,028","145,764","142,583","140,271","142,844","138,715","131,018","134,911","142,621","178,384","145,968","145,180","145,147","102,917","99,294","106,239","113,019","111,635","133,651","162,543","147,818","175,201","163,827","166,802","164,357","165,447","175,319","223,605",,,,,,,,,,,,,,,,,,,,,,,,,,,,,,,,,,,,,
MA,"46,135","46,881","47,937","47,754","49,424","50,963","52,491","52,573","56,632","58,415","59,709","56,260","53,316","52,593","53,953","50,406","57,090","60,390","66,192","71,256","71,392","70,135","64,867","76,623","62,946","63,608","66,884","58,107","60,369","63,995","56,528","58,748","61,424","63,660","66,997","66,549","70,193","65,292","59,419","58,519","62,221","43,124","40,792","43,105","44,460","33,905","35,681","33,035","35,197","41,546","43,902","44,953","42,365","46,887","49,666","48,868","49,363","47,728","50,150","49,653","46,493","48,807","52,235",,,,,,,,,,,,,,,,,,,,,,,,,,,,,,,,,,,,,
MD,"28,471","27,478","27,796","28,595","29,601","30,986","32,846","36,000","36,514","35,957","38,278","36,736","40,217","39,956","38,538","39,670","41,835","45,399","47,194","51,121","36,966","35,335","42,155","39,535","45,873","44,427","41,449","36,458","37,065","42,998","34,476","31,790","34,027","37,825","39,116","41,861","48,979","42,117","40,646","40,970","42,122","25,055","26,833","36,365","36,864","32,418","31,898","30,176","32,102","36,398","38,022","39,735","35,927","39,613","39,201","32,750","32,824","34,861","39,507","32,654","26,046","27,292","27,437",,,,,,,,,,,,,,,,,,,,,,,,,,,,,,,,,,,,,
ME,"38,883","37,729","37,615","38,725","38,510","37,108","38,863","40,369","41,601","42,215","39,213","38,020","41,382","43,051","43,797","41,793","48,561","51,373","55,242","57,535","104,264","109,687","106,183","119,381","118,334","117,108","101,620","97,622","100,455","130,239","123,037","130,449","134,693","135,766","132,498","137,743","138,415","137,018","126,027","133,593","138,647","127,839","121,672","111,046","114,116","132,727","124,501","130,786","153,013","119,573","131,655","132,020","129,106","133,397","128,587","133,762","114,572","114,543","116,868","115,031","98,806","94,212","96,000",,,,,,,,,,,,,,,,,,,,,,,,,,,,,,,,,,,,,
MI,"44,186","42,271","41,564","41,693","41,873","43,091","44,084","42,707","42,959","43,319","42,244","41,408","43,712","39,873","42,275","39,694","45,173","48,180","58,730","64,810","94,669","99,499","98,898","109,037","102,743","103,625","108,056","108,710","114,209","106,561","86,607","93,057","96,126","88,322","90,995","94,695","110,098","102,095","96,473","98,008","100,813","83,345","77,921","93,991","98,585","107,180","107,203","124,816","136,611","121,038","138,194","150,591","147,926","162,684","169,113","185,784","179,844","185,293","196,023","191,196","171,519","177,681","190,123",,,,,,,,,,,,,,,,,,,,,,,,,,,,,,,,,,,,,
MN,"28,441","27,142","27,479","26,381","26,549","27,094","26,728","26,329","26,795","27,125","26,493","26,846","28,439","29,079","29,445","30,537","31,541","32,020","42,722","47,583","49,308","49,986","51,845","55,021","59,176","59,625","56,236","52,851","55,530","57,807","53,887","55,957","62,139","62,166","63,970","68,125","71,941","76,107","73,043","84,072","92,184","96,985","95,620","101,719","115,285","126,930","147,834","163,737","186,228","225,619","255,313","262,962","252,838","251,990","277,897","282,999","286,182","287,802","293,060","292,702","270,280","288,035","307,778",,,,,,,,,,,,,,,,,,,,,,,,,,,,,,,,,,,,,
MO,"36,110","36,095","33,947","30,636","28,979","29,755","28,835","27,056","29,769","29,508","26,776","25,438","25,090","29,800","31,990","31,465","34,386","34,792","42,593","48,307","26,988","25,816","32,219","31,843","35,874","41,361","35,278","30,657","32,616","28,581","25,636","22,676","24,491","28,018","22,666","23,014","21,666","19,917","21,476","19,870","17,606","25,285","26,051","27,223","31,068","44,917","43,917","57,634","75,450","86,576","86,793","88,207","79,725","95,636","101,235","89,187","90,837","96,718","108,694","110,378","106,053","113,688","122,845",,,,,,,,,,,,,,,,,,,,,,,,,,,,,,,,,,,,,
MS,"46,565","45,532","44,673","39,154","38,448","37,759","37,816","34,261","35,452","34,609","33,527","32,841","32,432","32,195","31,279","31,152","34,819","36,230","37,576","37,510","38,097","41,070","44,643","45,071","50,468","50,892","49,196","45,439","47,412","76,403","84,868","89,510","90,830","92,435","94,862","94,192","85,740","84,291","64,175","65,132","75,389","56,085","49,641","45,346","61,251","62,678","63,223","66,060","50,044","55,625","63,661","66,400","79,599","64,692","64,555","60,409","78,099","70,474","74,723","64,556","61,708","61,133","61,796",,,,,,,,,,,,,,,,,,,,,,,,,,,,,,,,,,,,,
MT,"27,312","29,514","29,088","27,929","31,292","36,437","34,729","37,055","38,298","39,671","36,465","39,457","38,549","32,173","38,210","40,908","49,489","37,918","50,828","47,605","45,088","51,279","49,756","53,509","52,429","49,351","57,544","48,617","46,950","43,745","48,576","58,291","38,588","42,671","38,247","53,403","63,002","62,159","52,877","62,847","48,460","34,795","43,959","41,954","43,020","50,835","53,477","53,921","54,880","48,228","49,138","52,967","47,751","44,604","52,018","54,987","56,933","60,108","65,560","60,957","61,080","57,919","65,653",,,,,,,,,,,,,,,,,,,,,,,,,,,,,,,,,,,,,
NC,"90,780","86,520","88,160","85,633","89,520","85,689","83,671","83,266","84,154","84,635","80,822","86,337","90,905","93,161","91,169","90,483","97,627","109,436","121,076","136,690","97,637","87,522","105,218","105,980","115,118","107,971","96,382","99,145","95,315","118,549","121,053","96,191","119,723","122,911","137,151","130,618","130,134","126,557","120,693","114,627","114,931","109,382","101,615","133,211","103,900","109,727","111,786","93,807","123,468","115,960","128,088","132,128","129,293","147,553","140,087","133,363","152,881","159,944","172,150","174,743","187,618","182,433","181,170",,,,,,,,,,,,,,,,,,,,,,,,,,,,,,,,,,,,,
ND,"4,090","5,238","4,815","5,429","6,775","8,854","6,914","9,804","8,879","10,396","9,989","11,424","10,945","8,514","9,734","11,868","11,636","7,331","10,878","9,896","11,023","10,195","12,403","12,555","13,484","13,108","13,653","12,268","12,111","12,099","10,208","10,866","10,473","9,561","11,764","14,029","14,531","15,889","12,791","13,829","12,858","11,443","12,637","14,191","14,297","13,110","13,784","31,526","39,739","56,759","70,208","83,064","80,223","80,205","85,175","90,946","103,943","131,210","129,993","132,333","142,724","163,208","163,116",,,,,,,,,,,,,,,,,,,,,,,,,,,,,,,,,,,,,
NE,"6,379","6,114","6,003","6,032","5,732","5,708","5,814","5,713","5,952","5,826","6,244","6,240","7,264","7,346","7,067","6,914","7,493","7,563","7,845","8,184","10,460","9,387","10,464","10,473","11,783","13,619","14,079","12,762","12,426","12,213","10,327","10,274","12,166","15,413","20,292","37,083","42,234","51,014","53,159","56,059","57,269","62,354","62,937","67,120","85,344","88,457","95,559","126,304","173,420","173,659","269,408","281,007","257,929","260,223","283,984","288,409","303,787","317,718","320,007","324,704","285,098","316,439","327,330",,,,,,,,,,,,,,,,,,,,,,,,,,,,,,,,,,,,,
NH,"15,540","14,720","15,416","15,334","15,585","14,607","15,750","15,648","16,739","17,690","16,544","17,008","17,285","19,416","18,395","17,107","20,502","21,410","23,145","25,139","25,219","26,481","24,959","28,591","26,181","25,853","29,882","27,618","28,788","31,154","33,675","29,759","32,553","32,719","30,267","30,028","34,337","31,253","29,751","29,290","28,931","23,330","21,182","20,912","26,233","29,439","23,154","26,615","29,295","34,299","35,279","35,579","35,691","41,707","44,518","51,195","46,807","48,776","45,495","44,889","33,157","33,153","34,320",,,,,,,,,,,,,,,,,,,,,,,,,,,,,,,,,,,,,
NJ,"20,187","20,614","21,038","23,285","23,810","23,912","24,491","25,111","27,067","28,018","28,760","28,804","31,067","32,611","35,079","32,854","36,800","39,684","42,867","45,068","50,354","56,035","50,775","61,926","50,546","51,400","43,547","40,758","43,367","36,567","25,896","35,811","38,434","36,842","41,317","43,128","41,077","39,140","38,653","39,706","40,148","28,837","28,506","26,325","26,835","19,511","21,420","20,010","22,398","32,290","34,835","34,455","35,246","39,754","42,333","32,843","33,453","30,393","31,667","30,656","30,746","31,232","33,259",,,,,,,,,,,,,,,,,,,,,,,,,,,,,,,,,,,,,
NM,"6,864","6,560","6,336","6,161","6,233","5,773","5,735","5,432","5,406","5,232","5,082","4,772","4,605","4,443","4,403","5,559","6,251","7,131","7,780","9,451","5,566","7,231","7,872","9,108","9,673","10,099","10,543","7,732","7,791","7,645","6,900","7,473","7,487","7,640","7,131","7,251","6,121","7,265","6,862","7,311","7,701","6,384","6,901","7,182","8,017","17,746","19,925","22,012","22,764","19,439","20,544","20,529","20,199","22,757","23,315","21,304","27,558","31,405","40,479","45,801","42,880","55,085","78,407",,,,,,,,,,,,,,,,,,,,,,,,,,,,,,,,,,,,,
NV,"7,657","6,893","7,640","7,049","6,445","6,317","7,021","6,823","6,917","6,803","6,667","6,794","6,385","6,711","6,512","7,009","6,636","7,025","7,403","7,890","10,855","9,621","8,706","18,095","23,608","19,419","19,851","10,801","9,466","12,078","12,217","15,355","14,900","16,359","15,814","16,204","17,338","19,826","21,196","20,065","18,930","17,700","16,458","14,619","15,071","14,926","16,195","16,231","16,536","19,475","20,517","20,779","23,286","27,202","27,666","30,886","36,292","39,960","43,757","47,550","48,030","52,692","61,432",,,,,,,,,,,,,,,,,,,,,,,,,,,,,,,,,,,,,
NY,"100,502","119,407","128,633","123,205","119,068","124,906","134,028","137,102","145,503","152,345","148,081","146,920","154,346","159,810","160,434","156,809","167,710","161,823","173,677","184,538","219,986","231,595","217,430","248,273","221,079","224,266","220,133","205,392","198,816","204,793","193,907","188,187","200,666","218,218","217,354","211,900","238,701","282,909","259,886","250,461","260,001","190,812","194,025","194,140","199,633","194,959","196,343","194,800","219,108","180,061","187,869","204,683","190,141","204,370","212,086","227,757","227,550","240,778","241,223","246,309","220,498","218,204","220,740",,,,,,,,,,,,,,,,,,,,,,,,,,,,,,,,,,,,,
OH,"36,822","36,264","36,861","38,113","37,942","38,645","41,464","39,598","43,406","44,407","44,097","43,457","44,878","46,549","48,339","46,247","52,786","58,541","69,599","74,626","107,332","112,891","115,079","130,158","126,946","129,388","116,494","120,705","126,373","105,793","73,445","79,123","74,555","52,459","78,623","70,616","76,203","70,737","64,451","71,466","75,371","47,564","34,852","44,537","46,444","51,006","51,581","59,329","108,120","93,640","122,602","135,329","131,203","144,431","156,342","154,186","155,499","154,851","159,994","158,794","140,720","149,818","154,296",,,,,,,,,,,,,,,,,,,,,,,,,,,,,,,,,,,,,
OK,"12,589","12,937","11,435","9,292","9,214","10,422","9,477","9,509","12,744","13,673","11,775","11,551","16,641","24,516","23,592","22,046","18,576","20,457","25,164","30,683","15,685","15,622","21,442","21,469","23,266","29,000","24,423","25,339","22,982","33,554","30,827","27,715","30,828","37,904","32,764","34,109","36,724","35,316","36,785","33,680","31,931","32,162","27,475","29,515","38,618","38,418","35,125","42,494","35,640","41,925","54,040","56,106","62,854","83,210","81,514","88,563","111,740","125,923","140,990","151,113","149,559","159,221","182,276",,,,,,,,,,,,,,,,,,,,,,,,,,,,,,,,,,,,,
OR,"98,889","98,494","102,510","102,818","110,005","114,175","115,562","117,729","128,897","153,969","159,510","176,493","181,788","154,643","179,758","175,662","188,065","156,515","186,895","179,986","190,297","202,366","242,649","253,790","262,774","242,735","245,960","228,630","230,898","214,865","199,135","196,028","154,400","166,797","152,449","185,887","206,337","212,960","183,478","198,266","177,442","151,082","165,419","158,285","162,061","155,361","180,642","171,426","180,012","183,792","179,846","220,185","218,619","213,316","222,513","213,447","223,209","240,020","237,466","217,800","222,489","211,626","219,920",,,,,,,,,,,,,,,,,,,,,,,,,,,,,,,,,,,,,
PA,"52,683","50,343","50,913","51,746","51,558","51,907","53,572","54,815","54,621","55,361","57,850","55,071","59,430","61,297","62,288","62,841","71,329","75,860","85,255","98,356","131,704","143,018","136,726","158,825","141,849","141,404","106,997","100,095","103,307","87,972","71,799","76,757","89,723","88,372","93,125","99,282","110,221","99,363","94,386","95,979","97,972","84,228","81,262","86,730","87,507","87,643","86,766","88,952","96,738","105,012","132,136","146,121","140,410","162,543","157,635","163,338","160,530","163,435","173,115","161,400","144,569","147,335","155,006",,,,,,,,,,,,,,,,,,,,,,,,,,,,,,,,,,,,,
RI,"2,888","2,953","3,100","3,195","3,505","3,549","3,757","4,113","4,233","4,402","5,245","4,842","4,893","5,076","4,991","4,026","4,682","5,270","6,550","7,101","7,279","6,644","6,029","7,379","4,933","5,081","4,653","3,302","3,528","3,771","4,429","4,515","4,770","5,116","5,001","5,015","5,490","4,295","4,137","4,360","4,486","3,875","3,673","3,745","3,807",831,"2,570","2,731","2,913","3,517","3,662","3,568","2,848","2,580","4,208","4,646","4,276","4,689","5,030","6,356","7,323","7,012","7,615",,,,,,,,,,,,,,,,,,,,,,,,,,,,,,,,,,,,,
SC,"55,439","52,845","51,541","50,928","56,855","52,586","49,417","47,544","50,503","51,519","48,824","53,944","53,756","56,619","55,603","56,938","59,585","59,462","61,587","64,051","50,083","43,319","52,036","53,379","57,947","53,685","80,878","80,176","77,738","82,727","83,051","85,812","87,708","89,878","93,678","100,846","110,726","111,865","105,738","85,469","82,051","62,093","71,243","79,189","81,271","84,851","88,493","88,885","89,306","88,228","100,289","107,698","111,031","114,914","121,280","113,404","117,849","120,629","125,620","126,976","128,471","125,590","128,184",,,,,,,,,,,,,,,,,,,,,,,,,,,,,,,,,,,,,
SD,"5,481","5,345","6,520","11,217","11,830","14,330","17,608","17,970","20,425","22,746","23,594","27,599","26,557","17,787","20,599","28,521","25,744","19,955","25,337","23,678","23,189","21,216","22,057","22,294","23,559","22,329","23,658","21,961","22,947","20,173","16,911","16,672","16,030","12,370","21,677","24,738","31,577","34,628","23,776","27,110","24,066","17,555","25,723","38,636","58,958","72,430","91,761","95,833","124,231","148,574","167,998","175,625","166,503","167,188","173,960","182,086","187,695","193,359","202,209","205,851","200,633","229,971","234,233",,,,,,,,,,,,,,,,,,,,,,,,,,,,,,,,,,,,,
TN,"74,957","73,329","76,268","72,432","77,432","76,396","75,178","79,710","78,078","79,312","81,286","86,531","95,548","97,984","97,696","94,729","94,118","103,215","102,006","121,834","99,231","95,001","115,611","119,697","132,253","121,030","119,226","122,562","117,298","122,373","95,777","103,987","100,715","91,459","103,171","98,704","97,411","89,021","88,253","81,264","80,237","94,271","99,282","109,392","116,421","105,727","92,730","84,137","98,738","114,074","114,582","118,234","115,354","133,045","123,812","124,355","113,585","114,716","125,857","122,868","126,214","124,427","100,268",,,,,,,,,,,,,,,,,,,,,,,,,,,,,,,,,,,,,
TX,"42,057","43,091","42,005","39,339","40,685","43,732","46,470","45,877","53,674","55,410","55,637","54,253","61,777","66,240","65,222","62,394","68,529","74,355","78,861","81,375","58,988","62,455","73,219","67,947","79,816","83,676","96,487","101,785","100,399","115,338","102,752","104,700","115,564","104,903","103,526","106,132","103,308","109,930","99,855","84,175","87,097","80,002","95,466","92,177","91,491","101,596","106,518","128,425","195,709","171,070","215,167","248,954","260,258","276,079","296,615","308,833","360,015","399,805","441,871","466,665","503,024","557,242","654,921",,,,,,,,,,,,,,,,,,,,,,,,,,,,,,,,,,,,,
UT,"3,258","2,920","3,384","3,210","4,758","5,072","4,636","5,725","5,686","6,097","4,831","5,661","6,715","6,935","5,823","6,560","7,111","6,394","6,995","8,068","7,295","8,001","9,542","11,261","11,581","10,741","11,856","7,115","6,475","6,517","6,159","6,841","6,912","7,621","7,282","7,891","8,563","10,114","9,496","10,748","9,308","6,239","6,313","6,090","6,322","7,221","7,101","6,481","7,855","7,859","8,649","10,899","10,017","8,676","10,930","12,608","17,504","23,482","23,088","22,651","22,694","24,687","26,924",,,,,,,,,,,,,,,,,,,,,,,,,,,,,,,,,,,,,
VA,"60,396","57,891","58,653","58,080","57,524","57,219","58,708","56,115","58,382","59,197","57,816","58,426","60,681","60,018","58,458","57,695","69,865","68,791","77,458","84,470","79,350","76,722","86,871","87,262","94,603","94,007","83,097","79,974","79,754","93,578","95,701","99,113","102,688","110,214","114,721","119,615","126,463","116,648","114,361","115,568","109,231","85,812","71,200","92,267","100,504","117,407","110,890","109,715","111,389","105,849","101,276","97,264","95,913","110,612","129,928","130,604","130,902","132,320","145,073","128,387","125,510","133,739","141,225",,,,,,,,,,,,,,,,,,,,,,,,,,,,,,,,,,,,,
VT,"10,922","9,783","9,975","9,119","8,820","9,368","9,674","9,448","9,568","9,748","9,153","9,348","9,394","9,758","9,165","9,800","11,741","12,642","14,431","15,888","17,207","17,764","16,706","19,404","19,369","20,401","16,525","16,160","15,629","12,665","9,942","9,915","9,628","11,470","11,897","12,455","13,335","12,689","12,187","12,559","13,014","11,136","15,104","16,232","14,122","16,270","17,639","14,394","17,337","22,055","23,770","21,305","18,502","23,746","23,421","29,752","27,085","27,592","31,124","30,198","24,997","25,541","28,150",,,,,,,,,,,,,,,,,,,,,,,,,,,,,,,,,,,,,
WA,"175,732","185,353","194,038","209,427","225,740","234,444","247,337","264,572","286,795","297,673","303,741","311,429","325,886","301,720","346,630","349,910","393,673","305,612","384,391","348,746","371,848","414,736","390,653","396,935","395,650","375,657","387,885","361,522","361,963","353,462","392,952","379,939","329,656","327,371","321,261","372,764","426,607","450,520","360,447","420,929","363,955","280,246","356,598","343,440","340,085","329,691","387,878","358,884","358,529","347,175","358,833","445,171","433,359","405,957","411,829","396,565","427,449","432,589","432,887","385,361","411,233","396,579","419,010",,,,,,,,,,,,,,,,,,,,,,,,,,,,,,,,,,,,,
WI,"47,340","46,016","46,422","44,151","44,178","46,685","46,522","46,455","49,123","47,624","44,830","46,037","48,836","50,768","51,418","51,823","58,073","61,728","74,303","76,956","172,558","181,562","178,379","199,490","199,034","199,856","144,705","141,795","146,874","113,298","88,483","90,582","92,276","87,450","91,371","95,145","105,181","106,301","96,298","100,687","99,824","107,115","84,229","102,428","94,977","132,803","133,038","139,500","164,923","156,274","183,902","187,201","180,607","184,552","191,505","200,504","198,950","198,801","208,514","206,887","170,038","172,343","181,284",,,,,,,,,,,,,,,,,,,,,,,,,,,,,,,,,,,,,
WV,"16,569","16,121","16,329","15,363","15,290","14,729","14,729","15,102","14,889","14,733","14,101","14,180","16,087","16,026","15,711","15,366","17,617","17,697","20,827","25,324","15,651","14,348","17,928","15,503","17,622","17,607","24,024","21,455","22,189","16,425","9,459","8,916","9,662","10,775","10,789","11,223","12,164","9,837","8,840","8,469","9,566","8,137","7,871","9,566","9,458","17,782","16,906","16,821","18,843","29,960","31,345","31,102","28,273","34,686","33,573","21,627","21,762","22,221","24,779","23,582","20,915","21,229","23,431",,,,,,,,,,,,,,,,,,,,,,,,,,,,,,,,,,,,,
WY,"3,700","3,694","4,776","4,428","4,449","4,567","4,645","4,103","4,857","5,274","5,001","6,060","5,324","5,587","6,276","5,391","5,285","4,586","5,948","6,595","6,519","6,196","6,258","7,596","8,141","7,464","8,207","5,739","5,946","5,672","4,945","5,325","4,381","4,777","5,741","5,193","6,298","7,033","6,800","6,289","6,702","6,298","5,659","5,619","6,445","9,056","8,923","8,715","10,120","13,740","17,672","23,567","21,644","21,583","21,967","22,549","23,329","24,303","25,327","36,285","39,039","49,148","60,836",,,,,,,,,,,,,,,,,,,,,,,,,,,,,,,,,,,,,
US,"1,829,874","1,825,773","1,887,502","1,900,483","1,952,686","2,007,517","2,044,990","2,108,853","2,191,661","2,307,419","2,289,021","2,353,833","2,449,491","2,475,544","2,586,000","2,544,166","2,704,698","2,613,473","3,014,948","3,131,030","3,441,570","3,519,384","3,747,086","4,069,164","4,104,640","4,018,250","3,970,572","3,777,208","3,822,746","4,206,142","3,864,580","3,901,435","3,931,743","4,005,043","4,056,472","4,294,584","4,479,991","4,463,583","4,174,168","4,203,566","4,093,068","3,518,114","3,770,941","3,914,192","4,093,472","4,218,618","4,429,647","4,582,117","5,084,562","5,309,126","5,942,579","6,404,003","6,186,971","6,560,782","6,835,588","6,845,928","7,188,417","7,504,595","7,744,193","7,752,818","7,465,203","7,807,302","8,307,342",,,,,,,,,,,,,,,,,,,,,,,,,,,,,,,,,,,,,